,ID,type,lng                 ,lat                 ,pack_total_weight,pack_total_volume,first_receive_tm,last_receive_tm
1,1,2,116.242043,40.07263,0.2076,0.3666,60,240
2,2,2,116.403595,39.872945,0.05863,0.1687,330,360
3,3,2,116.186289,40.016361,0.03645,0.0745,300,420
4,4,2,116.508011,39.826296,0.02595,0.0542,60,120
5,5,2,116.130997,39.825921,0.0198,0.1117,180,330
6,6,2,116.292094,39.942186,0.02653,0.0409,210,300
7,7,2,116.439797,39.833047,0.06097,0.1057,60,180
8,8,2,116.508963,39.82386,0.01075,0.0455,300,420
9,9,2,116.378689,39.795018,0.221895,0.3375,60,240
10,10,2,116.358365,39.922532,0.025,0.2034,300,360
11,11,2,116.373796,39.865785,0.051942,0.1037,330,450
12,12,2,116.183008,40.161382,0.04723,0.0964,330,450
13,13,2,116.160112,40.04781,0.692255,1.1219,330,360
14,14,2,116.678619,39.847616,0.01055,0.026,120,240
15,15,2,116.226258,39.713316,0.0505,0.1151,180,240
16,16,2,116.306948,40.099512,0.348,3.4027,90,180
17,17,2,116.408698,39.766474,0.4524,4.4235,120,180
18,18,2,116.333278,39.851693,0.518445,1.4488,90,150
19,19,2,116.197001,40.11375,0.0208,0.1346,300,360
20,20,2,116.40678,40.151046,0.0886,0.1477,60,120
21,21,2,116.14471,39.969706,0.02865,0.0513,60,240
22,22,2,116.129614,39.81306,0.0105,0.0386,120,180
23,23,2,116.643754,40.01394,0.0856,0.1566,300,390
24,24,2,116.296372,39.837049,0.03304,0.1331,330,450
25,25,2,116.447047,40.008081,0.02366,0.3351,60,240
26,26,2,116.276963,40.15864,0.08944,0.1272,120,240
27,27,2,116.354563,39.866296,0.015,0.3662,330,450
28,28,2,116.318031,39.875112,0.03798,0.051,330,450
29,29,2,116.425587,39.865789,0.02212,0.798,330,360
30,30,2,116.471535,39.96689,0.24,0.4176,120,180
31,31,2,116.499245,40.007637,0.013,0.0368,90,180
32,32,2,116.319851,39.936628,0.3153,0.6039,180,240
33,33,2,116.440667,39.923044,0.1716,0.4511,330,360
34,34,2,116.205883,39.758115,0.04826,0.1466,180,330
35,35,2,116.443684,40.084959,0.01467,0.1156,120,180
36,36,2,116.529238,39.912863,0.0124,0.159,120,240
37,37,2,116.638334,39.814205,0.01817,0.0293,180,300
38,38,2,116.352196,39.720231,0.06247,0.121,300,360
39,39,2,116.21816,40.163925,0.0202,0.0515,60,240
40,40,2,116.402014,39.854453,0.0106,0.0244,180,330
41,41,2,116.447673,39.907295,0.06498,0.4311,300,360
42,42,2,116.504712,40.07421,0.0135,0.0942,90,150
43,43,2,116.536107,39.8698,0.0129,0.0973,330,360
44,44,2,116.674032,39.980487,0.0129,0.0973,300,450
45,45,2,116.421084,39.869937,0.012,0.0837,60,180
46,46,2,116.326513,39.969071,0.02331,0.0956,300,420
47,47,2,116.619257,39.959178,0.36857,0.5909,330,390
48,48,2,116.124201,40.044411,0.0294,0.1717,180,330
49,49,2,116.330904,40.028102,0.657512,1.0689,300,390
50,50,2,116.214509,40.12289,0.01697,0.026,180,240
51,51,2,116.17562,40.137607,0.05025,0.262,180,300
52,52,2,116.286521,40.040149,0.04702,0.3459,90,150
53,53,2,116.547921,40.099246,0.56436,0.878,300,360
54,54,2,116.426204,39.768165,0.05526,0.0875,120,180
55,55,2,116.19866,39.916869,0.09815,0.2089,300,450
56,56,2,116.401042,40.12821,0.013164,0.3085,210,300
57,57,2,116.526786,39.772772,0.0878,0.9089,90,180
58,58,2,116.509573,39.903943,0.03786,0.3001,60,240
59,59,2,116.619958,40.01825,0.0348,0.2074,120,180
60,60,2,116.288546,39.947152,0.0252,0.0265,120,240
61,61,2,116.358599,40.049618,0.0288,0.1882,90,150
62,62,2,116.185684,40.041983,0.0181,0.103,90,240
63,63,2,116.56718,39.922132,0.021,0.1357,180,330
64,64,2,116.454199,39.823758,0.0108,0.0612,210,300
65,65,2,116.315443,40.149423,0.0134,0.1608,300,420
66,66,2,116.69749,39.969033,0.0164,0.1584,330,390
67,67,2,116.129775,40.030684,0.04008,0.1237,90,150
68,68,2,116.135035,39.829379,0.20093,0.295,330,450
69,69,2,116.157269,39.81385,0.22901,0.3757,300,360
70,70,2,116.108275,39.961533,0.03329,0.0594,90,150
71,71,2,116.69369,39.977631,0.02872,0.0458,210,300
72,72,2,116.31828,40.011351,0.02904,0.0432,180,240
73,73,2,116.551723,40.137788,0.0526,0.06,180,240
74,74,2,116.519285,39.975288,0.3765,0.253,330,450
75,75,2,116.278044,40.020899,0.01908,0.0726,330,420
76,76,2,116.283233,39.997765,0.02112,0.04,330,420
77,77,2,116.239449,40.166236,0.0336,0.062,300,420
78,78,2,116.705558,39.98208,0.010625,0.0402,180,240
79,79,2,116.325359,39.714637,0.06506,0.0767,180,300
80,80,2,116.297954,39.749617,0.03432,0.0902,300,390
81,81,2,116.442283,39.955037,0.15,0.2468,120,240
82,82,2,116.344187,39.928046,0.05758,0.0716,300,360
83,83,2,116.39675,40.032799,0.01536,0.0445,300,450
84,84,2,116.343961,39.731958,0.0786,0.6139,180,300
85,85,2,116.422325,39.937723,0.024,0.05,210,300
86,86,2,116.50139,39.940665,0.492,0.903,330,450
87,87,2,116.18186,39.877509,0.152,0.315,330,450
88,88,2,116.702389,39.98513,0.3596,3.5161,60,240
89,89,2,116.276227,39.95463,0.15171,0.2329,330,360
90,90,2,116.327119,39.983674,0.0204,0.0621,330,450
91,91,2,116.636276,40.029454,0.03772,0.3039,300,390
92,92,2,116.486264,39.755984,0.04418,0.3643,210,300
93,93,2,116.443102,39.902115,0.09197,0.6076,210,330
94,94,2,116.452477,39.766004,0.08526,0.3598,330,360
95,95,2,116.368884,39.750008,0.073,0.2659,330,390
96,96,2,116.267044,40.005218,0.0238,0.1072,330,390
97,97,2,116.39372,39.932944,0.427,0.6515,180,300
98,98,2,116.356651,40.0132,0.1095,1.0035,60,240
99,99,2,116.563261,39.920876,0.0108,0.0178,210,330
100,100,2,116.214988,39.948538,0.21378,0.3854,120,180
101,101,2,116.448991,39.850945,0.2382,2.0293,60,240
102,102,2,116.5314,39.973654,0.01808,0.1625,60,240
103,103,2,116.386866,40.078037,0.08408,0.262,60,120
104,104,2,116.321216,39.967611,0.12216,0.3263,300,450
105,105,2,116.306184,40.04766,0.192,0.3069,180,330
106,106,2,116.449153,39.858797,0.152195,0.267,210,300
107,107,2,116.409031,39.786938,0.323375,0.6364,180,330
108,108,2,116.326604,39.972781,0.15122,0.3452,330,360
109,109,2,116.188969,39.807586,0.162891,0.4848,60,120
110,110,2,116.117569,40.007862,0.1888,0.3324,300,420
111,111,2,116.223639,40.034059,0.48152,2.6539,60,120
112,112,2,116.47495,40.03735,0.171,0.297,330,390
113,113,2,116.56928,39.931223,0.075175,0.4547,60,120
114,114,2,116.457241,39.847345,0.02764,0.2584,330,450
115,115,2,116.220996,39.990716,0.03,0.1,90,150
116,116,2,116.159234,39.738324,0.22925,0.3858,300,360
117,117,2,116.228605,39.978168,0.15,0.2468,90,240
118,118,2,116.337225,39.877453,0.19877,0.2965,210,330
119,119,2,116.291847,39.872359,0.206584,0.3716,300,420
120,120,2,116.171722,39.890943,0.519,0.9165,60,120
121,121,2,116.201915,40.035121,0.24687,0.5859,210,330
122,122,2,116.461945,40.07379,0.159775,0.2796,180,300
123,123,2,116.539929,40.146034,0.1733,0.667,60,180
124,124,2,116.56414,39.847946,0.11544,0.2098,300,360
125,125,2,116.459545,39.921702,0.179128,0.3172,330,450
126,126,2,116.357121,39.913639,0.126505,0.1876,90,180
127,127,2,116.250829,39.89128,0.02526,0.0365,300,390
128,128,2,116.415944,39.781238,0.402725,0.7621,90,180
129,129,2,116.261993,39.997247,0.153,0.2595,60,180
130,130,2,116.54729,39.958433,0.240858,0.4389,330,360
131,131,2,116.15264,39.723152,0.161815,0.2787,90,150
132,132,2,116.323423,40.170217,0.21457,0.5964,60,180
133,133,2,116.411282,39.842317,0.167288,0.2766,180,240
134,134,2,116.271985,39.753773,0.17466,0.3058,60,240
135,135,2,116.445107,39.951336,0.297287,0.6575,330,420
136,136,2,116.423576,39.903787,0.151035,0.2572,300,390
137,137,2,116.108802,39.759928,0.189045,0.3066,90,150
138,138,2,116.125634,39.98683,0.01293,0.0264,300,420
139,139,2,116.113572,39.968266,0.19312,0.3998,300,390
140,140,2,116.271488,39.722942,0.1269,0.1846,210,330
141,141,2,116.545613,39.797444,0.06055,0.0901,330,450
142,142,2,116.237362,39.846856,0.025664,0.0388,90,180
143,143,2,116.270554,40.137197,0.0124,0.1241,90,150
144,144,2,116.588135,40.091385,0.04136,0.0802,90,240
145,145,2,116.333156,39.926811,0.010096,0.0753,120,240
146,146,2,116.282925,39.983,0.023852,0.0299,330,450
147,147,2,116.292539,40.142344,0.02246,0.0341,90,240
148,148,2,116.595043,39.858413,0.01806,0.0217,330,420
149,149,2,116.264476,39.841778,0.228415,0.4465,60,120
150,150,2,116.547252,40.006272,0.0236,0.032,180,330
151,151,2,116.344626,39.841846,0.03,0.1,210,330
152,152,2,116.10651,39.74148,0.5072,0.9,330,360
153,153,2,116.669333,39.878629,0.828,6.4765,60,120
154,154,2,116.614819,39.832807,1.61,12.5932,180,300
155,155,2,116.133534,39.847645,0.348,0.54,210,330
156,156,2,116.563884,40.137329,0.023275,0.0213,120,240
157,157,2,116.319676,39.825279,0.091,0.1753,60,240
158,158,2,116.513737,39.882734,0.01175,0.0454,120,180
159,159,2,116.280671,40.033927,0.072,0.6306,120,240
160,160,2,116.286044,39.792462,0.01758,0.0389,180,330
161,161,2,116.545729,39.748147,0.0672,0.1128,300,360
162,162,2,116.380648,40.138807,0.18,0.342,180,330
163,163,2,116.604035,39.947453,0.048,0.1,330,360
164,164,2,116.489951,39.801779,0.02024,0.0416,210,330
165,165,2,116.179888,39.804007,0.333,2.7443,330,390
166,166,2,116.383045,39.868481,0.123,0.9418,330,420
167,167,2,116.402895,39.925429,0.0615,0.5417,60,120
168,168,2,116.701603,39.957279,0.06825,0.5631,180,330
169,169,2,116.23279,39.991372,0.0288,0.0954,330,390
170,170,2,116.502534,39.807146,0.0105,0.0346,180,240
171,171,2,116.486529,39.860022,0.0156,0.0468,300,360
172,172,2,116.457159,39.99115,0.13905,1.2367,210,300
173,173,2,116.617322,40.031218,0.0136,0.0322,210,300
174,174,2,116.340379,40.136697,0.1177,1.2672,60,180
175,175,2,116.276518,39.738767,0.08312,1.4199,90,240
176,176,2,116.128998,39.838966,0.01485,0.0825,180,300
177,177,2,116.301396,39.75376,0.033,0.048,180,300
178,178,2,116.351089,39.753501,0.03964,0.0719,300,450
179,179,2,116.15736,40.136642,0.021202,0.1225,90,180
180,180,2,116.537014,39.78828,0.111481,0.1628,210,330
181,181,2,116.455062,39.925008,0.03672,0.1398,300,360
182,182,2,116.67031,40.010024,0.023268,0.0468,330,390
183,183,2,116.279374,39.781054,0.01014,0.0164,210,330
184,184,2,116.231026,39.914807,1.75794,2.7668,60,120
185,185,2,116.20296,40.0953,0.584525,1.0338,60,120
186,186,2,116.491817,39.962652,0.03504,0.0652,180,240
187,187,2,116.253201,39.886712,0.0172,0.058,180,300
188,188,2,116.342915,39.740892,0.148144,0.2932,60,180
189,189,2,116.501923,39.740659,0.181,0.2962,60,240
190,190,2,116.53287,40.069425,0.188367,0.3042,90,240
191,191,2,116.458168,39.911881,0.04744,0.1732,330,450
192,192,2,116.194315,40.087405,0.04224,0.08,180,300
193,193,2,116.608266,39.99863,0.01271,0.0743,180,240
194,194,2,116.199792,39.915416,0.01236,0.0427,60,120
195,195,2,116.450509,40.060669,0.0263,0.03,330,360
196,196,2,116.141859,39.743783,0.15628,0.2758,60,180
197,197,2,116.140398,39.949424,0.22089,0.3692,120,240
198,198,2,116.288791,39.964501,0.427,0.6553,90,150
199,199,2,116.341103,39.824756,0.159465,0.3018,120,240
200,200,2,116.420658,39.883359,0.135615,0.2547,330,420
201,201,2,116.376096,40.023377,0.017,0.0774,300,450
202,202,2,116.321557,39.924486,0.19925,0.3131,330,360
203,203,2,116.200707,39.998889,0.15138,0.3166,60,120
204,204,2,116.494361,39.918541,0.458324,0.7963,180,330
205,205,2,116.458756,39.831774,0.169731,0.3162,300,420
206,206,2,116.230417,40.01826,0.27,0.9,180,330
207,207,2,116.673236,39.943886,0.141515,0.3067,120,240
208,208,2,116.350636,39.7201,0.172,0.2543,300,420
209,209,2,116.303631,40.025272,0.233098,0.4424,330,360
210,210,2,116.281223,39.972734,0.167725,0.2567,180,240
211,211,2,116.449731,39.975431,0.0104,0.0271,300,390
212,212,2,116.686198,39.889735,0.01324,0.0423,330,450
213,213,2,116.236167,40.069469,0.233843,0.4788,120,240
214,214,2,116.349537,39.918517,0.154315,0.2805,210,300
215,215,2,116.396422,40.128545,0.08,0.165,90,150
216,216,2,116.459559,39.73276,0.248,0.514,210,330
217,217,2,116.433662,39.868269,0.116,0.24,180,330
218,218,2,116.27278,39.742739,0.3484,0.7428,210,300
219,219,2,116.109967,39.966025,0.3084,0.4753,330,390
220,220,2,116.553987,39.804168,0.42552,0.7946,60,120
221,221,2,116.627601,40.045276,0.53058,1.1845,330,360
222,222,2,116.20831,39.873674,0.35206,0.5677,300,420
223,223,2,116.393141,39.88055,0.25584,0.4341,330,420
224,224,2,116.301273,39.969418,0.63314,0.901,60,120
225,225,2,116.194737,40.010094,0.2902,0.4687,120,240
226,226,2,116.334688,39.84867,0.2869,0.478,180,240
227,227,2,116.233105,39.990631,0.98664,1.5177,60,180
228,228,2,116.308388,40.070061,0.07752,0.2258,210,300
229,229,2,116.528153,39.847281,0.90402,1.4757,300,420
230,230,2,116.57686,39.814734,0.11838,0.2677,330,420
231,231,2,116.169455,40.039452,0.44918,0.8249,330,420
232,232,2,116.685248,39.876275,0.09202,0.2043,180,300
233,233,2,116.275574,39.790072,0.22008,0.3728,60,240
234,234,2,116.171899,40.024118,0.2695,0.6045,60,120
235,235,2,116.217189,40.143608,0.249,0.4469,300,450
236,236,2,116.321507,39.97115,0.53744,0.8847,210,330
237,237,2,116.503462,39.883935,1.52578,2.309,60,240
238,238,2,116.28678,39.964148,0.68506,1.0887,90,180
239,239,2,116.16956,40.047796,0.45786,0.6916,90,240
240,240,2,116.226456,39.724806,1.2838,2.3358,120,180
241,241,2,116.190242,39.943763,0.0284,0.0898,300,420
242,242,2,116.28057,39.988893,1.13966,1.7748,330,450
243,243,2,116.173297,39.86174,0.83622,1.2372,60,120
244,244,2,116.372827,40.087853,0.34886,0.6614,60,180
245,245,2,116.570638,40.089837,0.31402,0.4957,180,330
246,246,2,116.394236,39.853967,1.02788,1.5884,180,330
247,247,2,116.569061,40.066667,1.14354,1.8357,90,180
248,248,2,116.564062,39.883643,0.56518,0.9934,330,360
249,249,2,116.166631,39.710201,0.58736,0.9466,120,180
250,250,2,116.498488,39.852853,0.12896,0.2394,60,180
251,251,2,116.4245,39.976614,0.13083,1.45,90,150
252,252,2,116.201517,39.933705,0.2028,0.3875,300,420
253,253,2,116.478894,40.101591,1.1096,7.4506,180,240
254,254,2,116.522401,39.796203,0.200762,0.3948,90,240
255,255,2,116.520156,39.944703,0.33028,0.5786,210,330
256,256,2,116.432181,40.124988,0.4413,0.736,90,150
257,257,2,116.494821,39.790006,0.64066,1.1978,300,420
258,258,2,116.224054,40.03083,0.99912,1.6142,90,180
259,259,2,116.450219,39.914066,0.37852,0.9054,300,420
260,260,2,116.111895,39.968443,0.30788,0.6175,330,390
261,261,2,116.32726,40.101791,0.27358,0.5589,60,120
262,262,2,116.257217,40.083788,0.60722,0.953,120,180
263,263,2,116.467444,40.108075,0.01358,0.0584,210,300
264,264,2,116.542583,39.902679,0.42836,0.6541,180,330
265,265,2,116.334418,39.912875,0.04638,0.1238,300,450
266,266,2,116.386836,39.852653,0.1014,0.3298,90,180
267,267,2,116.141243,39.858155,0.94838,1.4799,180,300
268,268,2,116.148148,39.864064,1.22922,2.2785,180,240
269,269,2,116.656018,39.87572,0.14754,0.2168,330,420
270,270,2,116.184317,40.045308,1.05882,1.7261,330,360
271,271,2,116.587701,40.08934,0.24104,0.3442,120,180
272,272,2,116.414761,39.95005,1.6399,2.307,60,240
273,273,2,116.482775,39.970999,0.14396,0.2614,90,180
274,274,2,116.203325,40.155185,0.30226,0.6249,330,420
275,275,2,116.372427,39.861986,0.04428,0.0736,180,240
276,276,2,116.506005,39.89894,0.53208,0.7957,330,450
277,277,2,116.522841,40.119735,0.46222,0.844,90,150
278,278,2,116.318058,40.13892,0.79668,1.3288,210,330
279,279,2,116.569244,39.939792,0.01008,0.0155,210,300
280,280,2,116.205596,39.989561,0.71386,1.2858,330,360
281,281,2,116.520325,39.780365,0.03248,0.0534,120,180
282,282,2,116.360808,39.901138,0.18336,0.3324,120,180
283,283,2,116.614752,39.843468,0.14778,0.4309,300,360
284,284,2,116.510263,39.858338,0.14376,0.318,180,240
285,285,2,116.243134,40.036374,0.48698,0.6686,210,300
286,286,2,116.179251,39.943781,0.13476,0.3356,180,300
287,287,2,116.26365,39.731654,1.5402,2.5964,330,450
288,288,2,116.561699,39.780615,1.40492,2.1777,90,150
289,289,2,116.444973,39.955583,0.4605,1.0361,300,420
290,290,2,116.350165,39.83976,1.6181,2.3341,180,330
291,291,2,116.432315,39.811975,0.62568,1.2917,90,150
292,292,2,116.386777,39.72272,0.53138,0.9201,210,330
293,293,2,116.604903,39.911583,0.32386,0.6175,300,450
294,294,2,116.379448,39.933069,0.23034,0.3384,90,150
295,295,2,116.406672,40.128159,0.37158,0.8335,330,450
296,296,2,116.336976,39.92329,1.95406,3.4996,120,240
297,297,2,116.442965,40.109379,0.19754,0.3674,330,360
298,298,2,116.395487,39.957228,0.25872,0.4925,300,450
299,299,2,116.240758,39.97297,0.02958,0.0828,330,390
300,300,2,116.14008,40.047929,0.24096,0.5065,180,330
301,301,2,116.264288,39.883128,0.39898,0.6086,300,390
302,302,2,116.100449,39.969106,0.026,0.0841,60,180
303,303,2,116.358717,40.008133,0.27638,0.4391,120,240
304,304,2,116.46293,39.826986,0.27382,0.4159,300,390
305,305,2,116.12472,39.801855,0.17436,0.3032,330,420
306,306,2,116.357206,40.14934,0.62094,1.0421,120,240
307,307,2,116.573877,39.796889,0.34668,0.881,300,420
308,308,2,116.318196,40.038274,0.1748,0.3024,180,330
309,309,2,116.416655,39.947643,0.87262,1.7074,300,450
310,310,2,116.360149,39.866541,0.21432,0.3194,90,240
311,311,2,116.290497,39.752943,0.99816,1.8708,330,420
312,312,2,116.129845,39.962959,0.51986,0.984,90,150
313,313,2,116.396285,39.963275,0.83118,1.4532,60,120
314,314,2,116.47309,39.925812,0.37924,0.8145,300,420
315,315,2,116.251977,40.109119,0.21758,0.5999,300,420
316,316,2,116.121159,39.833541,0.42048,0.7029,90,240
317,317,2,116.116622,39.768904,1.54626,2.204,300,420
318,318,2,116.378707,39.98557,0.36462,0.6038,210,300
319,319,2,116.512383,39.809213,0.49926,0.7679,210,330
320,320,2,116.233156,39.892297,0.3786,0.688,90,180
321,321,2,116.282821,39.78743,0.53764,0.7184,180,240
322,322,2,116.136891,39.708096,0.02826,0.0997,330,390
323,323,2,116.347205,39.74384,0.1473,0.2267,300,450
324,324,2,116.335002,39.810205,0.1169,0.217,180,300
325,325,2,116.127158,39.833318,0.55948,1.0563,180,330
326,326,2,116.107184,39.758503,0.37158,0.6483,180,330
327,327,2,116.531707,40.10526,0.0888,0.1275,60,240
328,328,2,116.401347,39.896611,0.24374,0.3902,120,180
329,329,2,116.677785,39.95523,0.34806,0.622,90,180
330,330,2,116.332965,39.727835,0.51346,0.8333,330,360
331,331,2,116.131654,39.746487,0.06186,0.3615,210,330
332,332,2,116.267064,39.853043,0.29114,0.4485,60,180
333,333,2,116.14907,39.881029,0.18166,0.3318,210,300
334,334,2,116.403574,39.925311,0.2958,0.5314,60,180
335,335,2,116.610002,39.924097,0.15204,0.3588,180,240
336,336,2,116.56843,39.983951,0.93352,1.6593,90,180
337,337,2,116.163967,40.057923,0.76428,1.2053,180,330
338,338,2,116.49768,39.878714,0.09196,0.2093,120,240
339,339,2,116.179538,39.742354,0.81876,1.2827,300,450
340,340,2,116.322154,39.770278,0.55592,0.8878,90,150
341,341,2,116.332363,39.881554,0.49298,0.7858,90,180
342,342,2,116.61298,40.043302,0.06304,0.1729,300,450
343,343,2,116.243233,40.039328,0.73346,1.4748,60,240
344,344,2,116.346736,40.093102,0.27962,0.5189,300,360
345,345,2,116.435224,39.885708,0.38512,0.6209,300,420
346,346,2,116.354453,39.975306,0.18146,0.588,330,450
347,347,2,116.19809,39.993186,0.02882,0.0973,60,180
348,348,2,116.18294,39.825713,0.45782,0.7366,210,300
349,349,2,116.599232,39.938823,1.4378,2.7187,120,240
350,350,2,116.255475,40.065709,0.61244,1.1503,180,330
351,351,2,116.556186,39.978444,1.21386,2.0523,180,240
352,352,2,116.485205,39.826802,0.01514,0.0535,330,360
353,353,2,116.341987,40.080109,0.92498,1.4561,180,300
354,354,2,116.604205,39.76222,0.26328,0.4148,180,240
355,355,2,116.347641,40.132115,0.08524,0.1432,120,180
356,356,2,116.530735,39.870139,0.06646,0.1037,330,420
357,357,2,116.538171,40.138911,0.42252,0.7675,120,180
358,358,2,116.184338,40.01381,1.13288,1.8114,120,240
359,359,2,116.22104,40.15586,1.7347,2.888,300,360
360,360,2,116.404202,39.871644,0.09974,0.1793,300,420
361,361,2,116.366556,40.087393,0.61094,1.0467,180,300
362,362,2,116.329896,39.992886,0.23654,0.405,330,360
363,363,2,116.158608,39.988892,0.03468,0.1495,180,330
364,364,2,116.350852,39.946864,0.56804,1.0137,90,150
365,365,2,116.662108,40.002566,1.31804,2.1146,210,300
366,366,2,116.429806,39.940008,0.63722,1.0845,120,180
367,367,2,116.301115,39.875276,0.21466,0.3682,330,360
368,368,2,116.49826,40.137772,0.55876,0.956,60,120
369,369,2,116.585622,39.98942,0.3671,0.7404,90,180
370,370,2,116.401228,40.041078,0.14268,0.2194,90,180
371,371,2,116.178918,40.097005,0.70432,1.3673,330,450
372,372,2,116.249247,39.915973,0.47982,0.8208,330,390
373,373,2,116.121724,39.757274,0.44456,0.6963,300,390
374,374,2,116.180627,39.734351,0.68612,1.1114,60,120
375,375,2,116.163499,39.990753,0.18542,0.3804,300,450
376,376,2,116.277793,39.719803,0.63878,1.0059,180,330
377,377,2,116.142652,39.753464,0.37128,0.5801,180,240
378,378,2,116.210488,39.989959,0.34188,0.5727,300,390
379,379,2,116.297788,40.031478,0.23382,0.4613,120,180
380,380,2,116.477389,39.839907,0.62932,1.092,210,330
381,381,2,116.539166,40.133488,0.1174,0.2353,330,360
382,382,2,116.333464,39.97382,0.3542,0.5429,330,360
383,383,2,116.665203,39.99502,0.2205,0.4668,300,420
384,384,2,116.351384,39.967956,0.43428,0.7279,90,150
385,385,2,116.498053,40.06218,0.02496,0.03,120,180
386,386,2,116.331332,40.048593,0.02736,0.1189,330,420
387,387,2,116.181902,39.827877,0.9337,1.7232,90,240
388,388,2,116.256907,40.110497,0.05242,0.1159,60,240
389,389,2,116.661169,39.863133,0.0857,0.1784,90,240
390,390,2,116.180245,40.057366,0.3879,0.7503,60,240
391,391,2,116.459881,39.794027,0.68066,1.3043,210,330
392,392,2,116.472521,39.933929,0.19272,0.4081,120,240
393,393,2,116.276368,39.840244,0.16038,0.4503,180,300
394,394,2,116.690441,39.899387,0.08048,0.2328,60,120
395,395,2,116.222988,40.101678,0.45934,0.7387,330,450
396,396,2,116.381361,39.891943,0.11216,0.2803,210,300
397,397,2,116.677244,39.886203,0.30934,0.4815,300,420
398,398,2,116.349837,39.748804,0.12544,0.2661,330,390
399,399,2,116.39528,39.867675,0.1464,0.2272,120,240
400,400,2,116.490913,39.843332,0.19098,0.3131,90,240
401,401,2,116.53476,39.842326,0.08352,0.1354,300,420
402,402,2,116.433216,40.035669,0.01,0.0182,90,240
403,403,2,116.150803,39.953491,0.2513,0.4956,90,150
404,404,2,116.562184,40.038596,0.93376,1.4915,90,180
405,405,2,116.175248,40.036376,0.2535,0.4641,60,240
406,406,2,116.316341,39.932548,0.20894,0.34,300,360
407,407,2,116.649155,40.060933,0.02224,0.0584,120,180
408,408,2,116.549104,39.82178,0.29046,0.4789,90,180
409,409,2,116.35315,39.963799,0.14242,0.2079,90,150
410,410,2,116.346428,39.845952,0.14204,0.3475,60,240
411,411,2,116.559054,40.021143,0.4531,0.8275,120,180
412,412,2,116.283193,39.914513,0.0681,0.172,330,450
413,413,2,116.35719,39.905337,0.63968,1.2843,90,240
414,414,2,116.589252,40.077234,0.14996,0.2332,210,300
415,415,2,116.371407,40.036318,0.16444,0.2704,300,450
416,416,2,116.274664,39.962031,0.05912,0.1088,120,180
417,417,2,116.43998,39.931291,0.39832,0.6243,300,360
418,418,2,116.372097,39.736921,0.22868,0.3277,180,330
419,419,2,116.523972,40.030174,0.24745,1.8008,90,240
420,420,2,116.283986,39.731031,0.048,0.0792,90,180
421,421,2,116.17989,40.083464,0.173841,0.3197,180,240
422,422,2,116.130097,39.962469,0.19588,0.4018,90,150
423,423,2,116.480968,39.799028,0.01957,0.0268,180,330
424,424,2,116.176535,40.073921,1.14672,1.9047,120,180
425,425,2,116.33753,39.724733,0.1691,0.2946,180,240
426,426,2,116.61366,40.01685,1.02551,1.5584,90,240
427,427,2,116.320522,40.084135,0.167806,0.3168,210,330
428,428,2,116.464055,39.758444,0.18507,0.4684,90,240
429,429,2,116.463287,39.976656,0.151403,0.2689,90,180
430,430,2,116.411622,39.904003,0.17732,0.3441,90,240
431,431,2,116.299732,40.138874,0.0973,0.4035,330,420
432,432,2,116.221412,39.73475,0.271326,0.7891,210,300
433,433,2,116.278149,39.975441000000004,0.244913,0.4047,300,450
434,434,2,116.354626,39.877589,0.247967,0.4008,330,450
435,435,2,116.325208,39.785365,0.16859,0.286,210,330
436,436,2,116.371109,39.840981,0.072,0.6043,300,450
437,437,2,116.40997,39.834377,0.246,2.0252,180,300
438,438,2,116.379536,39.890775,0.1026,0.8663,300,390
439,439,2,116.268759,40.08722,0.0822,0.6728,330,420
440,440,2,116.460836,39.761369,0.17578,0.2948,210,330
441,441,2,116.661358,39.881919,0.186209,0.3568,120,180
442,442,2,116.520254,39.753417,0.01968,0.0194,180,240
443,443,2,116.336241,40.068432,0.174864,0.5003,210,330
444,444,2,116.299193,40.147447,0.15803,0.287,90,180
445,445,2,116.194622,39.79699,0.2025,2.6265,180,240
446,446,2,116.675736,39.900462,0.3688,0.577,60,240
447,447,2,116.629525,39.974041,0.22071,0.3751,210,330
448,448,2,116.14182,39.770383,0.22148,0.3468,60,240
449,449,2,116.233383,39.903624,0.235425,0.3893,60,120
450,450,2,116.371493,40.010147,0.174095,0.2023,180,240
451,451,2,116.204733,39.902148,0.152258,0.2995,330,390
452,452,2,116.227186,40.029366,0.15493,0.313,90,240
453,453,2,116.692431,39.976355,0.18408,0.3315,60,180
454,454,2,116.612052,39.834813,0.2036,0.3671,210,330
455,455,2,116.539103,39.970798,0.261575,0.5859,300,360
456,456,2,116.538829,39.958466,0.180245,0.3471,60,120
457,457,2,116.290128,39.841434,0.138,1.0794,300,360
458,458,2,116.271847,39.844576,0.17466,0.3058,60,180
459,459,2,116.597416,39.82936,0.15849,0.2766,210,300
460,460,2,116.213824,39.896549,0.01068,0.0122,60,180
461,461,2,116.333302,39.978628,0.1074,0.4501,300,420
462,462,2,116.607891,39.841755,0.11576,0.4685,60,180
463,463,2,116.615539,39.798271,0.427,0.6553,90,240
464,464,2,116.373288,40.037334,0.174964,0.2683,90,240
465,465,2,116.378925,39.944335,0.74092,0.8807,210,330
466,466,2,116.424504,39.977628,0.2936,3.8229,90,240
467,467,2,116.357967,39.954182,0.185,0.3252,90,240
468,468,2,116.479118,39.8536,0.175875,0.5354,180,330
469,469,2,116.20582,40.106927,0.157195,0.3262,300,360
470,470,2,116.447048,39.866848,0.159406,0.2642,210,330
471,471,2,116.250407,39.76943,0.22959,0.397,300,450
472,472,2,116.579979,39.957192,0.238699,0.582,300,420
473,473,2,116.606798,39.893962,0.298224,0.4553,60,240
474,474,2,116.167449,40.149389,0.153685,0.2652,90,150
475,475,2,116.547692,39.871472,0.145995,0.2013,300,450
476,476,2,116.487022,39.834761,0.158275,0.2426,330,390
477,477,2,116.452714,39.869057,0.1074,0.4501,300,420
478,478,2,116.569959,39.876404,0.599,0.9073,90,180
479,479,2,116.356073,39.889634,0.2544,0.237,330,390
480,480,2,116.320788,39.856668,0.5088,0.474,330,450
481,481,2,116.359727,39.889633,1.0176,0.948,330,390
482,482,2,116.330078,40.01409,0.01008,0.0407,120,180
483,483,2,116.277587,40.028851,0.02625,0.0541,90,150
484,484,2,116.459865,39.978054,0.03922,0.0609,180,240
485,485,2,116.322999,39.840845,0.0579,0.0908,180,300
486,486,2,116.186721,39.939695,0.414,3.2382,210,300
487,487,2,116.227553,40.069462,0.5136,0.5362,60,120
488,488,2,116.247201,39.87279,0.03,0.0618,120,240
489,489,2,116.458324,39.761507,0.1892,0.3807,180,240
490,490,2,116.278523,39.767984,0.0384,0.0468,300,450
491,491,2,116.255865,39.981405,0.0696,0.6805,330,450
492,492,2,116.36853,39.900794,0.1744,1.4556,90,240
493,493,2,116.38839,39.942544,0.0105,0.893,180,300
494,494,2,116.29464,39.725807,0.0824,0.7312,300,420
495,495,2,116.667762,39.892619,0.01327,0.0815,210,330
496,496,2,116.315555,39.877354,0.2256,0.3534,300,360
497,497,2,116.560624,40.008625,0.20049,0.3726,60,120
498,498,2,116.551919,40.135374,0.186368,0.3281,120,240
499,499,2,116.123279,39.701882,0.04024,0.0658,330,420
500,500,2,116.213298,40.100561,0.0503,0.0822,60,180
501,501,2,116.51717,39.848767,0.21385,0.3243,90,150
502,502,2,116.405465,39.980627,0.08292,0.1101,90,150
503,503,2,116.554061,40.131388,0.04218,0.3401,300,450
504,504,2,116.526781,39.748573,0.04623,0.19,330,450
505,505,2,116.577922,40.116047,0.12599,0.2188,330,390
506,506,2,116.422241,40.052979,0.01134,0.069,330,420
507,507,2,116.26929,39.982575,0.011658,0.0233,90,180
508,508,2,116.414758,39.848028,0.012,0.0778,330,420
509,509,2,116.353619,39.894466,0.0831,0.1781,330,420
510,510,2,116.529162,39.873235,0.010275,0.1469,300,390
511,511,2,116.364745,39.725877,0.01923,0.0528,120,180
512,512,2,116.703834,39.888276,0.22615,0.3522,300,420
513,513,2,116.61701,39.956093,0.340275,0.568,300,390
514,514,2,116.607253,40.112692,0.223551,0.5138,90,150
515,515,2,116.253313,39.721351,0.01044,0.0943,300,390
516,516,2,116.690661,39.97321,0.17451,0.3934,330,450
517,517,2,116.183873,39.923956,0.208889,0.3838,120,240
518,518,2,116.562681,39.98753,0.20203,0.3668,60,120
519,519,2,116.201906,40.024808,0.15078,0.3806,210,300
520,520,2,116.5577,39.779933,0.17149,0.3503,330,420
521,521,2,116.239777,40.082543,0.0256,0.0476,330,360
522,522,2,116.140802,39.701892,0.1879,0.2903,90,240
523,523,2,116.208912,39.842471,0.18443,0.5565,210,300
524,524,2,116.55736,39.939368,0.1708,0.2606,180,300
525,525,2,116.498574,39.83701,0.188865,0.286,300,450
526,526,2,116.166628,39.723612,0.140295,0.2748,300,360
527,527,2,116.217302,40.119962,0.17715,0.3008,300,360
528,528,2,116.363812,40.087261,0.01536,0.0285,120,240
529,529,2,116.597617,39.927117,0.162823,0.2854,90,150
530,530,2,116.196777,39.79623,0.125475,0.4302,330,390
531,531,2,116.455808,39.871338,0.406132,0.7118,120,240
532,532,2,116.467672,39.794837,0.250241,0.5637,180,330
533,533,2,116.300291,40.089851,0.455088,0.7071,90,240
534,534,2,116.240387,39.850046,0.28866,0.4392,60,120
535,535,2,116.541845,39.835484,0.163,0.2861,330,450
536,536,2,116.237131,39.83504,0.192575,0.3859,330,420
537,537,2,116.14995,40.052391,0.219294,0.3446,180,330
538,538,2,116.68506,39.892467,0.1879,0.2903,60,240
539,539,2,116.599356,39.8189,0.11566,0.1991,60,240
540,540,2,116.144593,40.074694,0.16532,0.3102,120,180
541,541,2,116.515182,39.902972,0.28505,0.5185,120,180
542,542,2,116.414936,39.838932,0.025175,0.0426,90,150
543,543,2,116.44237,39.834063,0.172425,0.2499,90,240
544,544,2,116.47487,39.817423,0.150538,0.2755,210,330
545,545,2,116.632171,39.990541,0.211634,0.4313,300,450
546,546,2,116.683977,39.990087,0.0128,0.0194,330,360
547,547,2,116.192076,40.026323,0.180455,0.318,330,420
548,548,2,116.562793,40.135137,0.219095,0.3608,210,300
549,549,2,116.174213,39.936015,0.155294,0.3518,180,240
550,550,2,116.534073,39.91682,0.29165,0.4525,330,360
551,551,2,116.21617,40.09063,0.1116,0.1501,330,420
552,552,2,116.178328,39.92766,0.0517,0.1002,300,360
553,553,2,116.57404,39.788611,0.04536,0.0693,60,180
554,554,2,116.280186,39.694926,0.01416,0.0151,90,240
555,555,2,116.217125,39.736201,0.041784,0.0895,120,240
556,556,2,116.108608,39.769057,0.095,0.1545,330,390
557,557,2,116.338809,39.716028,0.08786,0.7108,330,360
558,558,2,116.470008,40.04601,0.015,0.1883,300,390
559,559,2,116.215001,39.708383,0.09765,0.1495,90,180
560,560,2,116.372899,40.099176,0.03154,0.1059,300,360
561,561,2,116.5476,39.819057,0.10061,0.1437,330,360
562,562,2,116.382439,39.850103,0.045228,0.0831,60,180
563,563,2,116.480563,39.911019,0.12605,0.1969,210,330
564,564,2,116.6317,39.991331,0.0173,0.0284,60,120
565,565,2,116.548133,39.889307,0.06062,0.0909,60,120
566,566,2,116.15502,39.840975,0.77438,1.24,180,240
567,567,2,116.368843,40.090091,0.03376,0.0572,120,240
568,568,2,116.447697,39.92219,0.037,0.244,330,360
569,569,2,116.119401,39.83257,0.04,0.271,300,360
570,570,2,116.534075,39.873402,0.528,3.8841,210,330
571,571,2,116.323488,39.902381,0.0252,0.0654,210,300
572,572,2,116.220966,40.118894,0.0126,0.028,300,390
573,573,2,116.271841,39.90755,0.015,0.0717,120,240
574,574,2,116.531509,40.018803,0.011,0.2,90,180
575,575,2,116.238707,40.06544,0.029,0.2,60,180
576,576,2,116.554519,39.9847,0.22914,2.2843,330,390
577,577,2,116.527675,39.805858,0.0345,0.1875,90,180
578,578,2,116.673396,40.003406,0.039,0.4018,90,240
579,579,2,116.417365,40.14265,0.0264,0.5867,300,450
580,580,2,116.67789,39.875923,0.03242,0.3178,90,240
581,581,2,116.363613,39.882472,0.08032,0.1682,300,390
582,582,2,116.46074,40.024667,0.0695,0.4242,90,240
583,583,2,116.154115,40.06367,0.0298,0.1351,180,240
584,584,2,116.178226,40.06958,0.07233,0.5148,330,390
585,585,2,116.216041,40.012261,0.01275,0.0707,300,450
586,586,2,116.336571,39.71042,0.10615,1.4726,210,330
587,587,2,116.424398,39.993515,0.06177,0.5102,330,420
588,588,2,116.417702,40.026877,0.05246,0.064,330,390
589,589,2,116.33182,40.167551,0.0498,0.5142,180,330
590,590,2,116.63716,39.850719,0.0396,0.0639,330,420
591,591,2,116.530901,39.757891,0.3545,2.9843,330,390
592,592,2,116.231391,40.042297,0.15039,0.2501,120,180
593,593,2,116.548937,39.85713,0.03824,0.0727,60,240
594,594,2,116.218796,40.062871,0.2565,0.8893,300,420
595,595,2,116.42154,39.987932,0.0307,0.0509,300,450
596,596,2,116.353533,39.932022,0.7628,1.1438,90,150
597,597,2,116.191056,39.936736,0.017,0.1447,90,180
598,598,2,116.107043,39.76791,0.10978,0.167,90,240
599,599,2,116.185694,39.997631,0.032525,0.0489,300,360
600,600,2,116.39837,39.774217,0.5116,0.7941,300,450
601,601,2,116.280676,39.721303,0.0226,0.1332,210,330
602,602,2,116.52114,39.853884,0.066276,0.9147,180,240
603,603,2,116.625449,39.922939,0.0142,0.0995,90,150
604,604,2,116.648854,39.98607,0.03463,0.0817,330,390
605,605,2,116.567126,39.842862,0.048706,0.0817,60,120
606,606,2,116.410587,39.828141,0.02022,0.1782,60,120
607,607,2,116.616901,40.045458,0.02184,0.4118,330,450
608,608,2,116.618974,39.952437,1.29042,12.864,180,300
609,609,2,116.60018,39.909411,0.07633,0.45,90,240
610,610,2,116.522665,39.994824,0.056288,0.3383,90,150
611,611,2,116.51488,39.951374,0.931592,1.4919,210,300
612,612,2,116.589657,39.807273,0.0264,0.0502,330,360
613,613,2,116.237758,39.858794,0.53755,0.8366,90,240
614,614,2,116.110296,40.005506,0.04374,0.0652,210,300
615,615,2,116.524709,40.101264,0.152835,0.23,60,240
616,616,2,116.547886,39.779557,0.44925,0.6805,180,300
617,617,2,116.530172,40.137807,0.2253,0.5682,300,450
618,618,2,116.160706,39.874217,1.69446,4.7239,180,330
619,619,2,116.515177,40.096172,0.13518,0.3409,300,450
620,620,2,116.15785,40.04668,0.375255,0.6037,330,450
621,621,2,116.545489,40.047997,0.64689,1.0154,210,300
622,622,2,116.271314,39.883651,0.3504,0.493,60,240
623,623,2,116.206991,39.962989,0.02328,0.0345,90,240
624,624,2,116.248088,39.693569,0.1854,0.2587,300,420
625,625,2,116.320362,39.976258,0.072,0.6306,60,120
626,626,2,116.234138,39.901958,1.155125,1.8828,300,450
627,627,2,116.658803,40.036407,0.5888,0.8695,60,240
628,628,2,116.453524,39.968758,0.10808,0.1785,180,330
629,629,2,116.262626,40.04166,0.573546,0.8964,300,450
630,630,2,116.339841,39.887723,0.174964,0.2683,330,450
631,631,2,116.329853,40.07124,0.0134,0.0697,60,180
632,632,2,116.354617,40.048024,0.12,0.25,300,420
633,633,2,116.376671,40.141155,0.136,0.282,210,330
634,634,2,116.194301,39.834449,0.168,0.33,90,150
635,635,2,116.366228,40.039758,0.0783,0.6541,60,240
636,636,2,116.402464,40.057738,0.111,0.9942,60,240
637,637,2,116.246513,40.082533,0.3726,1.0996,60,240
638,638,2,116.167479,39.787126,0.58374,1.7227,330,420
639,639,2,116.326487,40.048801,0.3726,1.0996,330,390
640,640,2,116.32777,39.720528,0.3726,1.0996,60,120
641,641,2,116.475804,39.847765,0.2484,0.733,300,360
642,642,2,116.557899,40.068641,0.2484,0.733,120,240
643,643,2,116.166094,39.866423,1.91268,5.6444,90,180
644,644,2,116.636281,39.964075,0.1801,0.2778,90,180
645,645,2,116.55863,39.75517,1.3506,3.6595,90,150
646,646,2,116.454583,39.919341,0.76792,2.0873,60,120
647,647,2,116.508998,39.955924,0.0182,0.082,210,300
648,648,2,116.343479,39.829586,0.05424,0.2722,210,300
649,649,2,116.247023,39.988247,0.01152,0.0692,90,240
650,650,2,116.40504,39.741622,0.04656,0.2839,330,390
651,651,2,116.485102,40.1291,0.01746,0.0607,180,300
652,652,2,116.56091,39.750603,0.81072,2.9798,330,420
653,653,2,116.165644,39.766958,1.07538,6.2689,60,240
654,654,2,116.572416,39.796499,0.0621,0.1833,330,420
655,655,2,116.222021,39.784712,0.99822,2.3408,120,240
656,656,2,116.338698,39.888312,0.02359,0.0691,300,360
657,657,2,116.625386,40.033758,2.0467,3.249,90,150
658,658,2,116.129766,40.049521,0.0128,0.0199,90,240
659,659,2,116.620563,40.049122,0.184994,0.342,180,330
660,660,2,116.478334,40.011218,0.0216,0.0356,90,180
661,661,2,116.68104,39.97481,0.7575,5.5125,330,360
662,662,2,116.515665,40.024256,0.15999,0.3031,330,390
663,663,2,116.307731,39.724235,0.30377,0.8616,180,240
664,664,2,116.36812,39.83916,0.184,1.4392,180,330
665,665,2,116.29307,39.712981,0.01545,0.0905,120,180
666,666,2,116.66226,39.889223,0.096,1.3886,120,180
667,667,2,116.273052,40.005707,0.44577,1.0145,300,390
668,668,2,116.327285,39.720821,0.0173,0.0903,330,450
669,669,2,116.5419,40.048627,0.078623,0.5777,300,450
670,670,2,116.500003,40.076557,0.04484,0.0715,90,150
671,671,2,116.299402,40.030263,0.01469,0.0357,210,300
672,672,2,116.338317,39.911869,0.01109,0.0154,300,360
673,673,2,116.32152,39.826328,0.03296,0.0582,90,180
674,674,2,116.181889,39.909099,0.06038,0.0956,120,240
675,675,2,116.434195,39.945952,0.017,0.0216,330,450
676,676,2,116.67764,39.943913,0.06075,0.0576,210,330
677,677,2,116.47273,39.898326,0.10896,0.1984,300,360
678,678,2,116.416149,39.828681,0.02485,0.047,330,390
679,679,2,116.588154,39.975445,0.02,0.0242,330,420
680,680,2,116.390695,39.871011,0.04028,0.0682,210,300
681,681,2,116.142704,39.769577,0.186,0.2803,180,240
682,682,2,116.486317,39.85114,0.0468,0.0763,120,180
683,683,2,116.348496,39.922986,0.15438,0.2728,210,300
684,684,2,116.12657,39.848214,0.0108,0.0178,60,120
685,685,2,116.358939,39.891154,1.05,1.3259,210,330
686,686,2,116.295332,39.778896,1.05,1.3259,180,300
687,687,2,116.110811,39.965487,0.244505,0.5589,180,240
688,688,2,116.137802,40.035138,0.03346,0.3,60,120
689,689,2,116.500231,39.829239,0.07342,0.75,210,300
690,690,2,116.529861,40.128418,0.02128,0.25,90,150
691,691,2,116.345433,40.139582,0.01017,0.12,60,240
692,692,2,116.66879,39.907877,0.0105,0.08,330,450
693,693,2,116.599124,39.848898,0.133,1.1263,180,300
694,694,2,116.405882,39.89326,0.02052,0.35,330,390
695,695,2,116.618282,40.017135,0.26133,0.4221,90,150
696,696,2,116.185038,40.023317,0.0309,0.2742,210,300
697,697,2,116.444833,39.95191,0.08401,0.95,90,150
698,698,2,116.459553,40.080726,0.03107,0.2,90,150
699,699,2,116.473438,39.931149,0.02719,0.12,60,180
700,700,2,116.465551,39.853541,0.02794,0.2,210,300
701,701,2,116.280902,39.76236,0.12046,1.25,210,330
702,702,2,116.26921,40.121877,0.05938,0.7,300,390
703,703,2,116.627421,40.046324,0.06719,0.75,120,180
704,704,2,116.352097,40.033593,0.03468,0.55,330,390
705,705,2,116.635668,40.005382,0.11099,1.25,300,360
706,706,2,116.458797,40.02426,0.1929,2.15,330,420
707,707,2,116.403566,39.851367,0.10441,0.2447,180,240
708,708,2,116.168292,40.155939,0.04424,0.0913,330,420
709,709,2,116.331141,39.73758,0.06325,0.1978,300,360
710,710,2,116.477085,39.768772,0.26837,0.6872,210,300
711,711,2,116.350099,40.072437,0.5309,1.3299,300,360
712,712,2,116.219493,39.760335,0.20544,0.6121,120,180
713,713,2,116.403117,40.135461,0.1157,1.3294,330,390
714,714,2,116.588175,39.88256,0.2362,0.4884,300,360
715,715,2,116.390599,39.76137,0.03669,0.0807,120,180
716,716,2,116.517573,39.841606,0.06674,0.2256,180,330
717,717,2,116.479699,39.781905,0.309375,0.515,180,330
718,718,2,116.536824,40.002928,2.3056,3.5095,330,360
719,719,2,116.290487,39.884561,0.0552,0.1224,90,150
720,720,2,116.409359,39.972407,0.01805,0.0829,90,150
721,721,2,116.397712,39.805085,0.11864,0.7978,210,300
722,722,2,116.365291,39.990579,0.06985,0.5042,60,120
723,723,2,116.308188,39.979731,0.025238,0.179,180,300
724,724,2,116.506821,39.987947,0.017725,0.0404,300,420
725,725,2,116.20684,39.886909,1.38132,1.9981,180,240
726,726,2,116.428849,40.02185,0.65474,1.0643,180,330
727,727,2,116.341817,39.922963,0.8,1.3903,300,420
728,728,2,116.560955,40.127605,0.57924,0.9328,60,240
729,729,2,116.197796,40.053907,0.34192,0.5765,120,180
730,730,2,116.339442,39.917288,1.66496,2.5993,60,240
731,731,2,116.153279,40.063008,0.33024,0.5303,330,360
732,732,2,116.41923,39.770051,0.16668,0.3071,300,450
733,733,2,116.402995,40.047521,1.46378,2.4378,90,180
734,734,2,116.325907,39.846778,0.0941,0.1806,300,450
735,735,2,116.460209,39.978637,0.13634,0.31,180,240
736,736,2,116.253872,40.106435,0.19614,0.3567,90,240
737,737,2,116.365613,40.051829,0.17552,0.3604,330,390
738,738,2,116.608191,39.909614,0.17906,0.2975,90,150
739,739,2,116.330646,40.126773,0.52452,0.9317,300,390
740,740,2,116.542924,40.108665,1.34712,2.0785,330,360
741,741,2,116.398137,39.774878,0.91556,1.5102,90,240
742,742,2,116.489134,39.859654,0.14528,0.2432,330,420
743,743,2,116.329441,39.966451,0.1623,0.2472,90,150
744,744,2,116.315079,39.938374,0.26926,0.5063,60,120
745,745,2,116.201216,39.887628,2.3512,3.4563,210,300
746,746,2,116.477232,39.995976,0.20932,0.3345,90,150
747,747,2,116.18678,39.915883,0.04654,0.1034,90,150
748,748,2,116.371102,39.869732,0.28196,0.4299,330,360
749,749,2,116.512681,39.807632,0.5064,0.8067,210,300
750,750,2,116.651557,40.04329,0.275,0.5668,300,390
751,751,2,116.308302,39.822849,0.36238,0.6173,60,180
752,752,2,116.362291,39.839774,0.65716,1.0552,180,300
753,753,2,116.599634,40.0115,0.04078,0.0948,300,390
754,754,2,116.564445,39.84575,0.32808,0.5683,90,240
755,755,2,116.393815,39.928305,0.5904,1.1023,60,240
756,756,2,116.308926,39.763173,0.2453,0.5935,90,150
757,757,2,116.349355,39.725527,0.102,0.1776,330,360
758,758,2,116.421347,39.993679,0.5955,0.8994,300,390
759,759,2,116.500434,39.872422,0.39362,0.6877,180,300
760,760,2,116.458841,40.1327,0.03566,0.068,180,300
761,761,2,116.444844,39.988266,0.8858,1.511,300,420
762,762,2,116.188894,40.098187,0.1655,0.2864,180,330
763,763,2,116.529017,39.853557,0.09914,0.1922,60,120
764,764,2,116.372294,39.913154,0.41754,0.6117,90,150
765,765,2,116.158283,39.833183,0.23862,0.5916,330,360
766,766,2,116.239924,40.0956,0.5959,1.0429,60,240
767,767,2,116.554629,39.762987,0.179,0.3064,90,180
768,768,2,116.287655,40.055676,0.19982,0.3931,90,240
769,769,2,116.319315,40.109421,0.47418,0.7852,90,240
770,770,2,116.124133,39.706493,0.05484,0.1161,60,120
771,771,2,116.371879,39.896692,0.52742,0.8809,90,240
772,772,2,116.125839,39.787958,0.03446,0.0646,300,450
773,773,2,116.385695,40.013105,1.5295,2.6761,90,150
774,774,2,116.274818,40.131589,0.40932,0.7395,300,390
775,775,2,116.19527,40.07062,0.59008,1.0637,120,180
776,776,2,116.332097,39.731543,0.5758,1.1349,330,450
777,777,2,116.338668,39.711568,1.52242,2.6614,90,180
778,778,2,116.393795,39.949852,0.41276,0.7084,180,330
779,779,2,116.419593,39.939738,0.51524,0.9137,330,420
780,780,2,116.211209,40.108159,0.31512,0.5118,120,180
781,781,2,116.332802,39.742828,0.13306,0.2449,60,240
782,782,2,116.373711,39.922413,0.2706,0.5067,60,120
783,783,2,116.448639,39.854008,0.03446,0.0702,210,330
784,784,2,116.501772,39.923283,0.14296,0.2728,330,450
785,785,2,116.549782,39.956449,0.97332,1.6431,300,420
786,786,2,116.207971,39.881104,1.59766,2.7288,300,420
787,787,2,116.312062,40.149753,0.0373,0.0944,300,390
788,788,2,116.161447,39.716482,0.4633,0.6692,60,120
789,789,2,116.625885,40.088227,0.08056,0.1355,330,450
790,790,2,116.592457,39.820582,1.9828,4.4404,300,420
791,791,2,116.472618,39.895942,0.0396,0.0869,300,360
792,792,2,116.238051,39.862919,0.50508,1.1159,60,180
793,793,2,116.588151,39.803449,0.3579,0.573,330,360
794,794,2,116.276851,39.78582,0.10426,0.1817,90,180
795,795,2,116.387268,40.150167,0.63934,1.0772,330,390
796,796,2,116.621555,39.95279,0.18886,0.3675,60,180
797,797,2,116.447548,39.967599,0.03836,0.0717,90,150
798,798,2,116.476536,39.833458,0.03372,0.0781,180,300
799,799,2,116.562897,39.863101,0.41316,0.6286,330,450
800,800,2,116.400039,39.938957,0.12246,0.2356,180,300
801,801,2,116.56774,39.826707,0.38048,0.5378,120,240
802,802,2,116.530501,39.807126,1.1938,2.0248,60,240
803,803,2,116.702357,39.944017,0.93782,1.4653,300,360
804,804,2,116.242983,40.07588,1.92586,3.363,60,180
805,805,2,116.424777,39.976214,0.22896,0.3853,90,180
806,806,2,116.428117,39.878809,0.46594,0.7133,180,240
807,807,2,116.58297,39.922249,0.28046,0.562,300,450
808,808,2,116.693543,39.862887,0.27654,0.5587,210,330
809,809,2,116.420054,39.887585,0.12098,0.2295,60,180
810,810,2,116.526532,39.899001,0.03352,0.0736,330,390
811,811,2,116.157133,39.776942,0.30676,0.5347,330,360
812,812,2,116.266522,39.716202,0.0222,0.0393,330,420
813,813,2,116.599078,39.856431,1.04662,1.6756,60,180
814,814,2,116.427559,39.898946,0.04118,0.0754,180,240
815,815,2,116.417585,39.862072,0.25662,0.4427,300,420
816,816,2,116.581786,39.918361,0.38032,1.2421,60,180
817,817,2,116.337541,39.808534,0.30634,0.7147,120,180
818,818,2,116.271105,39.87363,0.819,1.5873,330,360
819,819,2,116.345259,39.912021,0.25692,0.5111,90,180
820,820,2,116.45725,39.750179,0.59448,0.9504,120,180
821,821,2,116.220447,40.025713,0.31802,0.5587,90,150
822,822,2,116.251159,40.090535,2.18692,3.5475,330,450
823,823,2,116.568546,40.13123,0.58716,0.9305,180,300
824,824,2,116.316811,39.909832,0.48864,0.8241,330,450
825,825,2,116.173014,39.834718,0.3945,0.5742,90,180
826,826,2,116.477207,39.862211,0.75004,1.3688,90,240
827,827,2,116.59971,40.136466,0.89352,1.5112,90,180
828,828,2,116.203652,39.77466,1.4294,2.1731,120,180
829,829,2,116.397347,40.131686,0.05756,0.1243,330,450
830,830,2,116.36003,39.91502,0.53764,1.1191,60,120
831,831,2,116.519927,39.865756,0.35362,0.5673,60,180
832,832,2,116.49884,40.072409,0.0433,0.0976,120,240
833,833,2,116.115826,40.039261,0.07034,0.1571,180,300
834,834,2,116.503155,40.1436,0.15446,0.328,180,300
835,835,2,116.283574,39.785398,0.12852,0.3605,300,450
836,836,2,116.192412,40.013011,0.2415,0.3236,300,420
837,837,2,116.334277,39.794258,0.51304,0.7242,300,450
838,838,2,116.612069,40.035418,0.11692,0.2002,300,420
839,839,2,116.288449,39.927187,0.35846,0.6253,90,240
840,840,2,116.624819,40.00715,1.53764,2.5209,180,300
841,841,2,116.468545,39.822531,0.0358,0.0808,90,150
842,842,2,116.391481,39.946034,0.2257,0.3933,300,360
843,843,2,116.506746,39.804799,0.41764,0.6866,120,180
844,844,2,116.389705,39.890908,0.33996,0.6065,300,420
845,845,2,116.415261,40.110607,0.05636,0.104,330,450
846,846,2,116.608849,39.891278,0.56924,0.8743,180,240
847,847,2,116.24226,39.736943,0.3116,0.4969,330,420
848,848,2,116.623805,40.03385,0.06874,0.1222,300,390
849,849,2,116.481884,40.045316,0.06118,0.175,90,150
850,850,2,116.514947,39.900819,0.05124,0.0849,60,180
851,851,2,116.148524,39.992367,0.0584,0.1068,90,180
852,852,2,116.661764,39.933302,0.13068,0.2645,300,450
853,853,2,116.161832,39.820199,0.77298,1.2241,60,120
854,854,2,116.606745,39.999207,0.12326,0.2103,120,240
855,855,2,116.663994,39.863277,0.09262,0.1405,180,330
856,856,2,116.541081,39.82959,0.48564,0.7465,60,120
857,857,2,116.535988,40.072143,0.06328,0.1134,330,450
858,858,2,116.363772,40.099537,0.11104,0.2305,300,450
859,859,2,116.259803,39.944802,0.2255,0.3951,90,240
860,860,2,116.32924,39.97352,0.31382,0.5394,180,240
861,861,2,116.288724,39.828995,0.2306,0.4274,210,330
862,862,2,116.33926,39.926893,0.184072,0.4341,60,120
863,863,2,116.596404,39.925794,0.27114,0.4783,60,180
864,864,2,116.175861,39.997086,0.018892,0.0323,330,390
865,865,2,116.52237,39.750284,0.26199,0.4564,90,150
866,866,2,116.41728,39.805135,0.1613,0.2846,120,180
867,867,2,116.137297,39.85768,0.16723,0.2909,120,240
868,868,2,116.585592,39.919596,0.207836,0.426,90,180
869,869,2,116.20895,40.14497,0.0146,0.0248,330,420
870,870,2,116.439828,39.954919,0.32945,0.6776,90,150
871,871,2,116.52525,39.90187,0.73345,2.3334,90,180
872,872,2,116.136103,39.738477,0.5745,1.2306,180,240
873,873,2,116.400419,39.880992,0.28265,0.4943,300,360
874,874,2,116.226603,39.781721,0.20544,0.2472,120,180
875,875,2,116.471179,40.048475,0.045,0.15,210,330
876,876,2,116.573869,40.00764,0.04272,0.0588,300,360
877,877,2,116.419474,39.945328,0.0545,0.3875,330,360
878,878,2,116.223006,39.992908,0.15675,1.0509,120,240
879,879,2,116.197994,40.015583,0.32474,1.9532,300,390
880,880,2,116.436081,39.903398,0.168194,0.2588,300,450
881,881,2,116.39687,39.945787,0.283,0.479,300,390
882,882,2,116.237712,39.954979,0.017895,0.2676,300,450
883,883,2,116.304613,39.912096,0.1708,0.2606,300,450
884,884,2,116.146917,39.853935,0.380774,0.8011,90,180
885,885,2,116.34549,39.742426,0.08642,0.154,330,420
886,886,2,116.246408,40.105003,0.010458,0.0705,60,120
887,887,2,116.325236,39.868347,0.07454,0.1377,60,240
888,888,2,116.2381,40.109921,0.299,2.3387,330,450
889,889,2,116.241274,40.154529,0.66995,5.2659,300,450
890,890,2,116.422261,40.103755,0.07482,0.1997,300,390
891,891,2,116.335351,39.890097,0.01655,0.0304,90,180
892,892,2,116.118448,39.985482,0.26359,1.9727,300,420
893,893,2,116.20102,39.923363,0.07452,0.105,60,180
894,894,2,116.478511,39.998755,0.195,0.2971,90,240
895,895,2,116.501556,40.114321,0.275885,0.51,330,450
896,896,2,116.187699,40.026073,0.168715,0.2864,330,360
897,897,2,116.428049,39.876519,0.46975,0.7258,300,420
898,898,2,116.662424,40.018428,0.12743,0.2067,330,360
899,899,2,116.499963,39.858608,0.06366,0.0892,60,180
900,900,2,116.257881,39.979024,0.1824,0.2771,180,240
901,901,2,116.27139,40.01275,0.19888,0.394,180,240
902,902,2,116.366704,39.728791,0.254245,0.5021,180,240
903,903,2,116.387287,39.990805,0.05664,0.0889,60,120
904,904,2,116.29138,39.708102,0.23844,0.3721,330,360
905,905,2,116.446687,40.0858,0.1004,0.1524,300,420
906,906,2,116.625374,39.960537,0.02024,0.0416,330,450
907,907,2,116.612984,39.908994,0.01518,0.0312,120,180
908,908,2,116.562485,40.09864,0.01518,0.0312,90,240
909,909,2,116.328336,39.799487,0.03634,0.0657,330,360
910,910,2,116.554435,39.926517,0.0254,0.0484,90,240
911,911,2,116.493386,39.851106,0.21636,0.3768,60,240
912,912,2,116.306262,39.958309,0.15902,0.2896,330,360
913,913,2,116.170051,39.853424,0.163895,0.2543,330,390
914,914,2,116.533526,40.137964,0.14435,0.2633,90,150
915,915,2,116.1833,39.933591,0.54094,0.9143,300,450
916,916,2,116.429548,40.123542,0.1982,0.3277,90,150
917,917,2,116.303278,39.937591,0.39089,0.709,180,240
918,918,2,116.419895,39.933496,0.0143,0.0952,330,420
919,919,2,116.554879,39.853222,0.0106,0.0415,330,420
920,920,2,116.175789,39.778266,0.16571,0.2531,330,390
921,921,2,116.567861,39.982635,0.265376,0.5304,180,330
922,922,2,116.458841,39.87153,0.2208,0.2723,60,240
923,923,2,116.389055,39.839797,0.15822,0.272,300,390
924,924,2,116.239696,39.929469,0.3415,0.3915,120,240
925,925,2,116.3854,39.769066,0.0768,0.1427,60,180
926,926,2,116.202924,40.027005,0.71696,1.3074,120,240
927,927,2,116.388189,39.976691,0.18483,0.356,60,180
928,928,2,116.152797,39.729289,0.20632,0.3853,330,420
929,929,2,116.634486,40.006673,0.15067,0.259,300,390
930,930,2,116.388864,39.893224,0.15967,0.3283,90,150
931,931,2,116.158463,39.998749,0.19558,0.3229,60,240
932,932,2,116.481087,39.786023,0.149055,0.2602,300,390
933,933,2,116.22238,40.072736,0.19763,0.3515,60,180
934,934,2,116.677395,39.9532,0.17665,0.303,120,180
935,935,2,116.168606,40.076471,0.21567,0.3832,180,300
936,936,2,116.353892,39.885909,0.15056,0.2482,300,390
937,937,2,116.450853,39.966635,0.2135,0.3258,300,360
938,938,2,116.39899,39.936248,0.2995,0.4536,60,180
939,939,2,116.511785,39.881191,0.189338,0.331,180,240
940,940,2,116.473143,39.928991,0.187065,0.3355,300,390
941,941,2,116.36164,39.877361,0.1509,0.3002,60,180
942,942,2,116.30136,39.916219,0.16409,0.2725,300,420
943,943,2,116.350866,39.85028,0.17583,0.3177,90,150
944,944,2,116.53917,40.035252,0.25158,0.456,300,360
945,945,2,116.464674,39.895221,0.1709,0.2788,300,360
946,946,2,116.334505,40.075513,0.29083,0.5124,60,240
947,947,2,116.5333,39.841656,0.16685,0.2612,90,180
948,948,2,116.456261,39.97113,0.194,0.2937,330,360
949,949,2,116.65144,39.897146,0.14915,0.2615,330,390
950,950,2,116.382323,39.948059,0.18408,0.3315,90,150
951,951,2,116.588398,40.062677,0.193685,0.3362,180,300
952,952,2,116.264292,40.040628,0.48497,0.8551,330,360
953,953,2,116.449145,40.148162,0.101,0.2377,60,120
954,954,2,116.581147,39.764562,0.012,0.2,210,300
955,955,2,116.414695,39.844313,0.069,0.2,60,120
956,956,2,116.143518,40.061841,0.096,0.2,60,120
957,957,2,116.203126,40.145678,0.0223,0.3033,330,390
958,958,2,116.196454,40.125869,0.0215,0.14,60,180
959,959,2,116.318507,40.013342,0.0129,0.084,210,300
960,960,2,116.303047,39.825072,0.01652,0.1506,330,390
961,961,2,116.291065,40.041334,0.010154,0.4219,330,420
962,962,2,116.362479,40.123081,0.101,0.2377,210,300
963,963,2,116.321913,40.101463,0.01226,0.0438,180,300
964,964,2,116.478431,39.920651,0.016872,0.1382,300,420
965,965,2,116.312632,39.838885,0.019728,0.1362,300,450
966,966,2,116.276702,39.954245,0.0847,0.2817,120,180
967,967,2,116.41887,39.822133,0.11984,0.357,330,450
968,968,2,116.170669,40.043964,0.2484,0.733,120,180
969,969,2,116.663289,39.934409,0.02796,0.097,300,360
970,970,2,116.357873,39.847801,0.16112,0.3768,300,420
971,971,2,116.31326,39.826305,0.0266,0.0624,300,390
972,972,2,116.140968,39.832756,0.25814,0.6851,120,240
973,973,2,116.339127,39.87321,1.69446,4.7239,210,330
974,974,2,116.538116,39.841241,0.02796,0.097,180,300
975,975,2,116.52924,39.874006,0.03012,0.07,210,330
976,976,2,116.513872,40.05621,1.104,8.5536,180,240
977,977,2,116.383861,39.903875,0.02796,0.097,180,300
978,978,2,116.129373,39.826761,0.8,4.998,180,300
979,979,2,116.100162,39.722204,1.6,9.996,330,390
980,980,2,116.515522,39.958707,0.02796,0.097,330,360
981,981,2,116.314625,39.986439,0.67068,1.9792,90,150
982,982,2,116.617868,40.115964,0.621,1.8326,60,120
983,983,2,116.460264,40.04745,0.309,1.0075,300,450
984,984,2,116.40125,40.137455,0.15014,0.3978,300,360
985,985,2,116.193495,40.133847,0.02796,0.097,120,180
986,986,2,116.366316,40.001177,1.77606,5.2413,90,150
987,987,2,116.194068,40.100173,1.242,3.6652,120,180
988,988,2,116.414585,39.982113,0.1242,0.3665,90,150
989,989,2,116.302248,39.804701,1.39104,4.105,60,120
990,990,2,116.398426,39.87359,0.202,0.4754,300,390
991,991,2,116.6951,39.976588,0.7052,1.6505,90,180
992,992,2,116.405906,39.83711,0.07329,0.1467,180,330
993,993,2,116.414429,40.061103,1.104,8.5536,330,390
994,994,2,116.301897,39.901072,0.02796,0.097,330,450
995,995,2,116.212629,39.866669,0.02796,0.097,300,360
996,996,2,116.496265,39.953829,0.31102,0.9203,60,120
997,997,2,116.379935,39.931517,0.0566,0.3791,90,240
998,998,2,116.288705,39.700441,0.08877,0.1336,120,180
999,999,2,116.32511,39.869964,0.0612,0.09,60,120
1000,1000,2,116.162844,39.837273,0.075,0.25,300,390
